{"AAPL":0.0772990033,"MSFT":0.1517124328,"GOOGL":0.0486926816,"NVDA":0.3280992492,"META":0.1198574136,"CRM":0.1480674386,"ADBE":0.0330238251,"INTC":0.0147554233,"AMD":0.0784925325}