{"AAPL":0.2641596431,"MSFT":0.0578464513,"GOOGL":0.046536205,"NVDA":0.2986949683,"META":0.1393735076,"CRM":0.0618704194,"ADBE":0.0913163055,"INTC":0.0277681257,"AMD":0.012434374}