{"AAPL":0.1448029682,"MSFT":0.1401295047,"GOOGL":0.0057664353,"NVDA":0.3572662239,"META":0.2432580043,"CRM":0.012486156,"ADBE":0.062181378,"INTC":0.0047047974,"AMD":0.0294045321}