{"AAPL":0.2756422181,"MSFT":0.0076895518,"GOOGL":0.0610140475,"NVDA":0.3394422238,"META":0.0852517094,"CRM":0.0734356772,"ADBE":0.1061916431,"INTC":0.0478966443,"AMD":0.0034362847}