{"AAPL":0.0114480902,"MSFT":0.1608118207,"GOOGL":0.0556918506,"NVDA":0.2754911362,"META":0.2918497708,"CRM":0.0701950451,"ADBE":0.0897820163,"INTC":0.0123733579,"AMD":0.0323569122}