{"AAPL":0.1021367544,"MSFT":0.1576311598,"GOOGL":0.0088754328,"NVDA":0.361597617,"META":0.1284277648,"CRM":0.1315520743,"ADBE":0.0463577686,"INTC":0.0440575873,"AMD":0.0193638409}