{"JPM":0.6581026557,"BAC":0.0197820637,"GS":0.0029724103,"WFC":0.3189199135,"MS":0.0002229568}