{"JPM":0.5804324295,"BAC":0.0134062834,"GS":0.1233058729,"WFC":0.2713722768,"MS":0.0114831374}