{"AAPL":0.0408429302,"MSFT":0.0274025036,"GOOGL":0.1376107012,"NVDA":0.3169554723,"META":0.268804195,"CRM":0.0483931448,"ADBE":0.1216084895,"INTC":0.0363624623,"AMD":0.0020201011}