{"JPM":0.7677584112,"BAC":0.0415569784,"GS":0.0335584787,"WFC":0.1085809923,"MS":0.0485451394}