{"JPM":0.5925061409,"BAC":0.0125482645,"GS":0.2196720493,"WFC":0.1246425556,"MS":0.0506309897}